,Time,fc,std
0,15 min,135.684186833,137.765566946
1,180 min,1036.76533363,56.8034209329
2,30 min,551.492804833,419.325275387
