,Time,fc,std
0,15 min,1.64808181,0.196712650783
1,180 min,5.15103329033,0.436709786812
2,30 min,3.06989743367,0.51173244992
