,numba,WB_ID,common_name,transcript,status,description,baseMean,log2FoldChange,lfcSE,stat,pvalue,padj
25569,6239,WBGene00194659,linc-1,W09C5.11,Live,lincRNA_gene,53.9759397974,3.4645900742,0.549315612393,6.30710286771,2.84306883144954e-10,7.51052758832003e-09
30332,6239,WBGene00219570,linc-82,C46F11.11,Live,lincRNA_gene,88.9339404719,2.31669818861,0.368458316382,6.2875448473,3.22525856513578e-10,8.43713498214629e-09
30351,6239,WBGene00219590,linc-72,F46C5.14,Live,lincRNA_gene,94.3521481961,1.96825043087,0.629019610736,3.12907641872,0.00175356696501134,0.00863439767738074
30368,6239,WBGene00219609,linc-7,T22E6.2,Live,lincRNA_gene,2096.78792528,2.97668831774,0.269172575417,11.0586612069,1.99046291389633e-28,2.9280254795720197e-26
30378,6239,WBGene00219619,linc-76,Y48A6C.9,Live,lincRNA_gene,59.1849766217,2.86683508862,0.780814848704,3.67159396799,0.00024104241997311202,0.0016392869074612199
30430,6239,WBGene00219675,linc-44,F10C1.22,Live,lincRNA_gene,5291.01235427,7.29139399714,0.311923460585,23.3755870221,7.5719951665885475e-121,2.0327967524102794e-117
30454,6239,WBGene00219700,linc-6,F52D2.13,Live,lincRNA_gene,1788.14652078,5.16089974575,0.344699753878,14.9721596482,1.1163632233266898e-50,3.5785273055801895e-48
